id,username,password
1,1,aaaaaa
2,2,aaaaaa
3,3,aaaaaa
4,4,aaaaaa
5,5,aaaaaa
6,6,aaaaaa
7,7,aaaaaa
8,8,aaaaaa
9,9,aaaaaa
10,10,aaaaaa
11,11,aaaaaa
12,12,aaaaaa
13,13,aaaaaa
14,14,aaaaaa
15,15,aaaaaa
16,16,aaaaaa
17,17,aaaaaa
18,18,aaaaaa
19,19,aaaaaa
20,20,aaaaaa
21,21,aaaaaa
22,22,aaaaaa
23,23,aaaaaa
24,24,aaaaaa
25,25,aaaaaa
26,26,aaaaaa
27,27,aaaaaa
28,28,aaaaaa
29,29,aaaaaa
30,30,aaaaaa
31,31,aaaaaa
32,32,aaaaaa
33,33,aaaaaa
34,34,aaaaaa
35,35,aaaaaa
36,36,aaaaaa
37,37,aaaaaa
38,38,aaaaaa
39,39,aaaaaa
40,40,aaaaaa
41,41,aaaaaa
42,42,aaaaaa
43,43,aaaaaa
44,44,aaaaaa
45,45,aaaaaa
46,46,aaaaaa
47,47,aaaaaa
48,48,aaaaaa
49,49,aaaaaa
50,50,aaaaaa
51,51,aaaaaa
52,52,aaaaaa
53,53,aaaaaa
54,54,aaaaaa
55,55,aaaaaa
56,56,aaaaaa
57,57,aaaaaa
58,58,aaaaaa
59,59,aaaaaa
60,60,aaaaaa
61,61,aaaaaa
62,62,aaaaaa
63,63,aaaaaa
64,64,aaaaaa
65,65,aaaaaa
66,66,aaaaaa
67,67,aaaaaa
68,68,aaaaaa
69,69,aaaaaa
70,70,aaaaaa
71,71,aaaaaa
72,72,aaaaaa
73,73,aaaaaa
74,74,aaaaaa
75,75,aaaaaa
76,76,aaaaaa
77,77,aaaaaa
78,78,aaaaaa
79,79,aaaaaa
80,80,aaaaaa
81,81,aaaaaa
82,82,aaaaaa
83,83,aaaaaa
84,84,aaaaaa
85,85,aaaaaa
86,86,aaaaaa
87,87,aaaaaa
88,88,aaaaaa
89,89,aaaaaa
90,90,aaaaaa
91,91,aaaaaa
92,92,aaaaaa
93,93,aaaaaa
94,94,aaaaaa
95,95,aaaaaa
96,96,aaaaaa
97,97,aaaaaa
98,98,aaaaaa
99,99,aaaaaa
100,100,aaaaaa
101,101,aaaaaa
102,102,aaaaaa
103,103,aaaaaa
104,104,aaaaaa
105,105,aaaaaa
106,106,aaaaaa
107,107,aaaaaa
108,108,aaaaaa
109,109,aaaaaa
110,110,aaaaaa
111,111,aaaaaa
112,112,aaaaaa
113,113,aaaaaa
114,114,aaaaaa
115,115,aaaaaa
116,116,aaaaaa
117,117,aaaaaa
118,118,aaaaaa
119,119,aaaaaa
120,120,aaaaaa
121,121,aaaaaa
122,122,aaaaaa
123,123,aaaaaa
124,124,aaaaaa
125,125,aaaaaa
126,126,aaaaaa
127,127,aaaaaa
128,128,aaaaaa
129,129,aaaaaa
130,130,aaaaaa
131,131,aaaaaa
132,132,aaaaaa
133,133,aaaaaa
134,134,aaaaaa
135,135,aaaaaa
136,136,aaaaaa
137,137,aaaaaa
138,138,aaaaaa
139,139,aaaaaa
140,140,aaaaaa
141,141,aaaaaa
142,142,aaaaaa
143,143,aaaaaa
144,144,aaaaaa
145,145,aaaaaa
146,146,aaaaaa
147,147,aaaaaa
148,148,aaaaaa
149,149,aaaaaa
150,150,aaaaaa
151,151,aaaaaa
152,152,aaaaaa
153,153,aaaaaa
154,154,aaaaaa
155,155,aaaaaa
156,156,aaaaaa
157,157,aaaaaa
158,158,aaaaaa
159,159,aaaaaa
160,160,aaaaaa
161,161,aaaaaa
162,162,aaaaaa
163,163,aaaaaa
164,164,aaaaaa
165,165,aaaaaa
166,166,aaaaaa
167,167,aaaaaa
168,168,aaaaaa
169,169,aaaaaa
170,170,aaaaaa
171,171,aaaaaa
172,172,aaaaaa
173,173,aaaaaa
174,174,aaaaaa
175,175,aaaaaa
176,176,aaaaaa
177,177,aaaaaa
178,178,aaaaaa
179,179,aaaaaa
180,180,aaaaaa
181,181,aaaaaa
182,182,aaaaaa
183,183,aaaaaa
184,184,aaaaaa
185,185,aaaaaa
186,186,aaaaaa
187,187,aaaaaa
188,188,aaaaaa
189,189,aaaaaa
190,190,aaaaaa
191,191,aaaaaa
192,192,aaaaaa
193,193,aaaaaa
194,194,aaaaaa
195,195,aaaaaa
196,196,aaaaaa
197,197,aaaaaa
198,198,aaaaaa
199,199,aaaaaa
200,200,aaaaaa
201,201,aaaaaa
202,202,aaaaaa
203,203,aaaaaa
204,204,aaaaaa
205,205,aaaaaa
206,206,aaaaaa
207,207,aaaaaa
208,208,aaaaaa
209,209,aaaaaa
210,210,aaaaaa
211,211,aaaaaa
212,212,aaaaaa
213,213,aaaaaa
214,214,aaaaaa
215,215,aaaaaa
216,216,aaaaaa
217,217,aaaaaa
218,218,aaaaaa
219,219,aaaaaa
220,220,aaaaaa
221,221,aaaaaa
222,222,aaaaaa
223,223,aaaaaa
224,224,aaaaaa
225,225,aaaaaa
226,226,aaaaaa
227,227,aaaaaa
228,228,aaaaaa
229,229,aaaaaa
230,230,aaaaaa
231,231,aaaaaa
232,232,aaaaaa
233,233,aaaaaa
234,234,aaaaaa
235,235,aaaaaa
236,236,aaaaaa
237,237,aaaaaa
238,238,aaaaaa
239,239,aaaaaa
240,240,aaaaaa
241,241,aaaaaa
242,242,aaaaaa
243,243,aaaaaa
244,244,aaaaaa
245,245,aaaaaa
246,246,aaaaaa
247,247,aaaaaa
248,248,aaaaaa
249,249,aaaaaa
250,250,aaaaaa
251,251,aaaaaa
252,252,aaaaaa
253,253,aaaaaa
254,254,aaaaaa
255,255,aaaaaa
256,256,aaaaaa
257,257,aaaaaa
258,258,aaaaaa
259,259,aaaaaa
260,260,aaaaaa
261,261,aaaaaa
262,262,aaaaaa
263,263,aaaaaa
264,264,aaaaaa
265,265,aaaaaa
266,266,aaaaaa
267,267,aaaaaa
268,268,aaaaaa
269,269,aaaaaa
270,270,aaaaaa
271,271,aaaaaa
272,272,aaaaaa
273,273,aaaaaa
274,274,aaaaaa
275,275,aaaaaa
276,276,aaaaaa
277,277,aaaaaa
278,278,aaaaaa
279,279,aaaaaa
280,280,aaaaaa
281,281,aaaaaa
282,282,aaaaaa
283,283,aaaaaa
284,284,aaaaaa
285,285,aaaaaa
286,286,aaaaaa
287,287,aaaaaa
288,288,aaaaaa
289,289,aaaaaa
290,290,aaaaaa
291,291,aaaaaa
292,292,aaaaaa
293,293,aaaaaa
294,294,aaaaaa
295,295,aaaaaa
296,296,aaaaaa
297,297,aaaaaa
298,298,aaaaaa
299,299,aaaaaa
300,300,aaaaaa
301,301,aaaaaa
302,302,aaaaaa
303,303,aaaaaa
304,304,aaaaaa
305,305,aaaaaa
306,306,aaaaaa
307,307,aaaaaa
308,308,aaaaaa
309,309,aaaaaa
310,310,aaaaaa
311,311,aaaaaa
312,312,aaaaaa
313,313,aaaaaa
314,314,aaaaaa
315,315,aaaaaa
316,316,aaaaaa
317,317,aaaaaa
318,318,aaaaaa
319,319,aaaaaa
320,320,aaaaaa
321,321,aaaaaa
322,322,aaaaaa
323,323,aaaaaa
324,324,aaaaaa
325,325,aaaaaa
326,326,aaaaaa
327,327,aaaaaa
328,328,aaaaaa
329,329,aaaaaa
330,330,aaaaaa
331,331,aaaaaa
332,332,aaaaaa
333,333,aaaaaa
334,334,aaaaaa
335,335,aaaaaa
336,336,aaaaaa
337,337,aaaaaa
338,338,aaaaaa
339,339,aaaaaa
340,340,aaaaaa
341,341,aaaaaa
342,342,aaaaaa
343,343,aaaaaa
344,344,aaaaaa
345,345,aaaaaa
346,346,aaaaaa
347,347,aaaaaa
348,348,aaaaaa
349,349,aaaaaa
350,350,aaaaaa
351,351,aaaaaa
352,352,aaaaaa
353,353,aaaaaa
354,354,aaaaaa
355,355,aaaaaa
356,356,aaaaaa
357,357,aaaaaa
358,358,aaaaaa
359,359,aaaaaa
360,360,aaaaaa
361,361,aaaaaa
362,362,aaaaaa
363,363,aaaaaa
364,364,aaaaaa
365,365,aaaaaa
366,366,aaaaaa
367,367,aaaaaa
368,368,aaaaaa
369,369,aaaaaa
370,370,aaaaaa
371,371,aaaaaa
372,372,aaaaaa
373,373,aaaaaa
374,374,aaaaaa
375,375,aaaaaa
376,376,aaaaaa
377,377,aaaaaa
378,378,aaaaaa
379,379,aaaaaa
380,380,aaaaaa
381,381,aaaaaa
382,382,aaaaaa
383,383,aaaaaa
384,384,aaaaaa
385,385,aaaaaa
386,386,aaaaaa
387,387,aaaaaa
388,388,aaaaaa
389,389,aaaaaa
390,390,aaaaaa
391,391,aaaaaa
392,392,aaaaaa
393,393,aaaaaa
394,394,aaaaaa
395,395,aaaaaa
396,396,aaaaaa
397,397,aaaaaa
398,398,aaaaaa
399,399,aaaaaa
400,400,aaaaaa
401,401,aaaaaa
402,402,aaaaaa
403,403,aaaaaa
404,404,aaaaaa
405,405,aaaaaa
406,406,aaaaaa
407,407,aaaaaa
408,408,aaaaaa
409,409,aaaaaa
410,410,aaaaaa
411,411,aaaaaa
412,412,aaaaaa
413,413,aaaaaa
414,414,aaaaaa
415,415,aaaaaa
416,416,aaaaaa
417,417,aaaaaa
418,418,aaaaaa
419,419,aaaaaa
420,420,aaaaaa
421,421,aaaaaa
422,422,aaaaaa
423,423,aaaaaa
424,424,aaaaaa
425,425,aaaaaa
426,426,aaaaaa
427,427,aaaaaa
428,428,aaaaaa
429,429,aaaaaa
430,430,aaaaaa
431,431,aaaaaa
432,432,aaaaaa
433,433,aaaaaa
434,434,aaaaaa
435,435,aaaaaa
436,436,aaaaaa
437,437,aaaaaa
438,438,aaaaaa
439,439,aaaaaa
440,440,aaaaaa
441,441,aaaaaa
442,442,aaaaaa
443,443,aaaaaa
444,444,aaaaaa
445,445,aaaaaa
446,446,aaaaaa
447,447,aaaaaa
448,448,aaaaaa
449,449,aaaaaa
450,450,aaaaaa
451,451,aaaaaa
452,452,aaaaaa
453,453,aaaaaa
454,454,aaaaaa
455,455,aaaaaa
456,456,aaaaaa
457,457,aaaaaa
458,458,aaaaaa
459,459,aaaaaa
460,460,aaaaaa
461,461,aaaaaa
462,462,aaaaaa
463,463,aaaaaa
464,464,aaaaaa
465,465,aaaaaa
466,466,aaaaaa
467,467,aaaaaa
468,468,aaaaaa
469,469,aaaaaa
470,470,aaaaaa
471,471,aaaaaa
472,472,aaaaaa
473,473,aaaaaa
474,474,aaaaaa
475,475,aaaaaa
476,476,aaaaaa
477,477,aaaaaa
478,478,aaaaaa
479,479,aaaaaa
480,480,aaaaaa
481,481,aaaaaa
482,482,aaaaaa
483,483,aaaaaa
484,484,aaaaaa
485,485,aaaaaa
486,486,aaaaaa
487,487,aaaaaa
488,488,aaaaaa
489,489,aaaaaa
490,490,aaaaaa
491,491,aaaaaa
492,492,aaaaaa
493,493,aaaaaa
494,494,aaaaaa
495,495,aaaaaa
496,496,aaaaaa
497,497,aaaaaa
498,498,aaaaaa
499,499,aaaaaa
500,500,aaaaaa
501,501,aaaaaa
502,502,aaaaaa
503,503,aaaaaa
504,504,aaaaaa
505,505,aaaaaa
506,506,aaaaaa
507,507,aaaaaa
508,508,aaaaaa
509,509,aaaaaa
510,510,aaaaaa
511,511,aaaaaa
512,512,aaaaaa
513,513,aaaaaa
514,514,aaaaaa
515,515,aaaaaa
516,516,aaaaaa
517,517,aaaaaa
518,518,aaaaaa
519,519,aaaaaa
520,520,aaaaaa
521,521,aaaaaa
522,522,aaaaaa
523,523,aaaaaa
524,524,aaaaaa
525,525,aaaaaa
526,526,aaaaaa
527,527,aaaaaa
528,528,aaaaaa
529,529,aaaaaa
530,530,aaaaaa
531,531,aaaaaa
532,532,aaaaaa
533,533,aaaaaa
534,534,aaaaaa
535,535,aaaaaa
536,536,aaaaaa
537,537,aaaaaa
538,538,aaaaaa
539,539,aaaaaa
540,540,aaaaaa
541,541,aaaaaa
542,542,aaaaaa
543,543,aaaaaa
544,544,aaaaaa
545,545,aaaaaa
546,546,aaaaaa
547,547,aaaaaa
548,548,aaaaaa
549,549,aaaaaa
550,550,aaaaaa
551,551,aaaaaa
552,552,aaaaaa
553,553,aaaaaa
554,554,aaaaaa
555,555,aaaaaa
556,556,aaaaaa
557,557,aaaaaa
558,558,aaaaaa
559,559,aaaaaa
560,560,aaaaaa
561,561,aaaaaa
562,562,aaaaaa
563,563,aaaaaa
564,564,aaaaaa
565,565,aaaaaa
566,566,aaaaaa
567,567,aaaaaa
568,568,aaaaaa
569,569,aaaaaa
570,570,aaaaaa
571,571,aaaaaa
572,572,aaaaaa
573,573,aaaaaa
574,574,aaaaaa
575,575,aaaaaa
576,576,aaaaaa
577,577,aaaaaa
578,578,aaaaaa
579,579,aaaaaa
580,580,aaaaaa
581,581,aaaaaa
582,582,aaaaaa
583,583,aaaaaa
584,584,aaaaaa
585,585,aaaaaa
586,586,aaaaaa
587,587,aaaaaa
588,588,aaaaaa
589,589,aaaaaa
590,590,aaaaaa
591,591,aaaaaa
592,592,aaaaaa
593,593,aaaaaa
594,594,aaaaaa
595,595,aaaaaa
596,596,aaaaaa
597,597,aaaaaa
598,598,aaaaaa
599,599,aaaaaa
600,600,aaaaaa
601,601,aaaaaa
602,602,aaaaaa
603,603,aaaaaa
604,604,aaaaaa
605,605,aaaaaa
606,606,aaaaaa
607,607,aaaaaa
608,608,aaaaaa
609,609,aaaaaa
610,610,aaaaaa
